strategy,Npde,Nbc,error_u,error_v,error_p
lhs,1000,100,8.973495379879132,9.685734650435982,101.64871044439779
lhs,10000,1000,9.007197674214394,9.410620781169218,104.46555211060824
